Retailer,Contact,Retailer ID,Order Date,Payment Date,Region--State,Beverage Brand,Price per Unit,Units Sold
Costco,Ana -Costco,"$1,128,299",20/1/2022,19/2/2022,West--California,Coca-Cola,$0.40 ,"7,750"
Costco,Ana -Costco,"$1,128,299",20/1/2022,26/3/2022,West--California,Diet Coke,$0.50 ,"7,750"
Costco,Ana -Costco,"$1,128,299",20/1/2022,26/3/2022,West--California,Sprite,$0.50 ,"7,750"
Costco,Ana -Costco,"$1,128,299",20/1/2022,26/2/2022,West--California,Fanta,$0.50 ,"6,250"
Costco,Ana -Costco,"$1,128,299",20/1/2022,19/2/2022,West--California,Powerade,$0.55 ,"5,750"
Costco,Ana -Costco,"$1,128,299",20/1/2022,19/2/2022,West--California,Dasani Water,$0.50 ,"7,750"
Costco,Ana -Costco,"$1,128,299",20/2/2022,22/3/2022,West--California,Coca-Cola,$0.40 ,"8,250"
Costco,Ana -Costco,"$1,128,299",20/2/2022,22/3/2022,West--California,Diet Coke,$0.50 ,"7,250"
Costco,Ana -Costco,"$1,128,299",20/2/2022,22/3/2022,West--California,Sprite,$0.50 ,"7,250"
Costco,Ana -Costco,"$1,128,299",20/2/2022,22/3/2022,West--California,Fanta,$0.50 ,"5,750"
Costco,Ana -Costco,"$1,128,299",20/2/2022,25/3/2022,West--California,Powerade,$0.55 ,"5,000"
Costco,Ana -Costco,"$1,128,299",20/2/2022,22/3/2022,West--California,Dasani Water,$0.50 ,"7,000"
Costco,Ana -Costco,"$1,128,299",19/3/2022,18/4/2022,West--California,Coca-Cola,$0.50 ,"8,500"
Costco,Ana -Costco,"$1,128,299",19/3/2022,18/4/2022,West--California,Diet Coke,$0.60 ,"7,000"
Costco,Ana -Costco,"$1,128,299",19/3/2022,18/4/2022,West--California,Sprite,$0.60 ,"7,000"
Costco,Ana -Costco,"$1,128,299",19/3/2022,18/4/2022,West--California,Fanta,$0.60 ,"6,000"
Costco,Ana -Costco,"$1,128,299",19/3/2022,18/4/2022,West--California,Powerade,$0.65 ,"5,000"
Costco,Ana -Costco,"$1,128,299",19/3/2022,18/4/2022,West--California,Dasani Water,$0.60 ,"7,000"
Costco,Ana -Costco,"$1,128,299",20/4/2022,20/5/2022,West--California,Coca-Cola,$0.60 ,"8,750"
Costco,Ana -Costco,"$1,128,299",20/4/2022,20/5/2022,West--California,Diet Coke,$0.65 ,"6,750"
Costco,Ana -Costco,"$1,128,299",20/4/2022,20/5/2022,West--California,Sprite,$0.65 ,"7,250"
Costco,Ana -Costco,"$1,128,299",20/4/2022,20/5/2022,West--California,Fanta,$0.60 ,"6,250"
Costco,Ana -Costco,"$1,128,299",20/4/2022,20/5/2022,West--California,Powerade,$0.65 ,"5,250"
Costco,Ana -Costco,"$1,128,299",20/4/2022,20/5/2022,West--California,Dasani Water,$0.80 ,"7,000"
Costco,Ana -Costco,"$1,128,299",21/5/2022,20/6/2022,West--California,Coca-Cola,$0.60 ,"9,000"
Costco,Ana -Costco,"$1,128,299",21/5/2022,20/6/2022,West--California,Diet Coke,$0.65 ,"7,500"
Costco,Ana -Costco,"$1,128,299",21/5/2022,20/6/2022,West--California,Sprite,$0.65 ,"7,500"
Costco,Ana -Costco,"$1,128,299",21/5/2022,20/6/2022,West--California,Fanta,$0.60 ,"6,500"
Costco,Ana -Costco,"$1,128,299",21/5/2022,20/6/2022,West--California,Powerade,$0.65 ,"5,500"
Costco,Ana -Costco,"$1,128,299",21/5/2022,20/6/2022,West--California,Dasani Water,$0.80 ,"7,250"
Costco,Ana -Costco,"$1,128,299",20/6/2022,20/7/2022,West--California,Coca-Cola,$0.60 ,"9,750"
Costco,Ana -Costco,"$1,128,299",20/6/2022,20/7/2022,West--California,Diet Coke,$0.65 ,"8,250"
Costco,Ana -Costco,"$1,128,299",20/6/2022,20/7/2022,West--California,Sprite,$0.65 ,"8,250"
Costco,Ana -Costco,"$1,128,299",20/6/2022,20/7/2022,West--California,Fanta,$0.60 ,"7,000"
Costco,Ana -Costco,"$1,128,299",20/6/2022,20/7/2022,West--California,Powerade,$0.65 ,"5,750"
Costco,Ana -Costco,"$1,128,299",20/6/2022,20/7/2022,West--California,Dasani Water,$0.80 ,"8,750"
Costco,Ana -Costco,"$1,128,299",19/7/2022,18/8/2022,West--California,Coca-Cola,$0.60 ,"10,250"
Costco,Ana -Costco,"$1,128,299",19/7/2022,18/8/2022,West--California,Diet Coke,$0.65 ,"8,750"
Costco,Ana -Costco,"$1,128,299",19/7/2022,18/8/2022,West--California,Sprite,$0.65 ,"8,250"
Costco,Ana -Costco,"$1,128,299",19/7/2022,18/8/2022,West--California,Fanta,$0.60 ,"7,250"
Costco,Ana -Costco,"$1,128,299",19/7/2022,18/8/2022,West--California,Powerade,$0.65 ,"7,750"
Costco,Ana -Costco,"$1,128,299",19/7/2022,18/8/2022,West--California,Dasani Water,$0.80 ,"7,750"
Costco,Ana -Costco,"$1,128,299",20/8/2022,19/9/2022,West--California,Coca-Cola,$0.65 ,"9,750"
Costco,Ana -Costco,"$1,128,299",20/8/2022,19/9/2022,West--California,Diet Coke,$0.70 ,"9,250"
Costco,Ana -Costco,"$1,128,299",20/8/2022,19/9/2022,West--California,Sprite,$0.65 ,"8,000"
Costco,Ana -Costco,"$1,128,299",20/8/2022,19/9/2022,West--California,Fanta,$0.65 ,"7,500"
Costco,Ana -Costco,"$1,128,299",20/8/2022,19/9/2022,West--California,Powerade,$0.75 ,"7,500"
Costco,Ana -Costco,"$1,128,299",20/8/2022,19/9/2022,West--California,Dasani Water,$0.80 ,"7,250"
Costco,Ana -Costco,"$1,128,299",21/9/2022,21/10/2022,West--California,Coca-Cola,$0.55 ,"9,250"
Costco,Ana -Costco,"$1,128,299",21/9/2022,21/10/2022,West--California,Diet Coke,$0.60 ,"9,250"
Costco,Ana -Costco,"$1,128,299",21/9/2022,21/10/2022,West--California,Sprite,$0.55 ,"7,750"
Costco,Ana -Costco,"$1,128,299",21/9/2022,21/10/2022,West--California,Fanta,$0.55 ,"7,250"
Costco,Ana -Costco,"$1,128,299",21/9/2022,21/10/2022,West--California,Powerade,$0.65 ,"7,250"
Costco,Ana -Costco,"$1,128,299",21/9/2022,21/10/2022,West--California,Dasani Water,$0.70 ,"7,750"
Costco,Ana -Costco,"$1,128,299",20/10/2022,19/11/2022,West--California,Coca-Cola,$0.55 ,"8,750"
Costco,Ana -Costco,"$1,128,299",20/10/2022,19/11/2022,West--California,Diet Coke,$0.60 ,"8,750"
Costco,Ana -Costco,"$1,128,299",20/10/2022,19/11/2022,West--California,Sprite,$0.55 ,"7,000"
Costco,Ana -Costco,"$1,128,299",20/10/2022,19/11/2022,West--California,Fanta,$0.55 ,"6,750"
Costco,Ana -Costco,"$1,128,299",20/10/2022,19/11/2022,West--California,Powerade,$0.65 ,"6,500"
Costco,Ana -Costco,"$1,128,299",20/10/2022,19/11/2022,West--California,Dasani Water,$0.70 ,"7,000"
Costco,Ana -Costco,"$1,128,299",20/11/2022,20/12/2022,West--California,Coca-Cola,$0.55 ,"8,750"
Costco,Ana -Costco,"$1,128,299",20/11/2022,20/12/2022,West--California,Diet Coke,$0.60 ,"8,750"
Costco,Ana -Costco,"$1,128,299",20/11/2022,20/12/2022,West--California,Sprite,$0.55 ,"7,250"
Costco,Ana -Costco,"$1,128,299",20/11/2022,20/12/2022,West--California,Fanta,$0.55 ,"7,000"
Costco,Ana -Costco,"$1,128,299",20/11/2022,20/12/2022,West--California,Powerade,$0.65 ,"6,500"
Costco,Ana -Costco,"$1,128,299",20/11/2022,20/12/2022,West--California,Dasani Water,$0.70 ,"7,750"
Costco,Ana -Costco,"$1,128,299",19/12/2022,18/1/2023,West--California,Coca-Cola,$0.55 ,"9,750"
Costco,Ana -Costco,"$1,128,299",19/12/2022,18/1/2023,West--California,Diet Coke,$0.60 ,"9,750"
Costco,Ana -Costco,"$1,128,299",19/12/2022,18/1/2023,West--California,Sprite,$0.55 ,"7,750"
Costco,Ana -Costco,"$1,128,299",19/12/2022,18/1/2023,West--California,Fanta,$0.55 ,"7,750"
Costco,Ana -Costco,"$1,128,299",19/12/2022,18/1/2023,West--California,Powerade,$0.65 ,"7,000"
Costco,Ana -Costco,"$1,128,299",19/12/2022,18/1/2023,West--California,Dasani Water,$0.70 ,"8,000"