Retailer,Contact,Retailer ID,Order Date,Payment Date,Region--State,Beverage Brand,Price per Unit,Units Sold
Target,Stuart -Target,"$1,197,831",2/1/2022,1/2/2022,South--Texas,Coca-Cola,$0.25 ,"9,000"
Target,Stuart -Target,"$1,197,831",2/1/2022,1/2/2022,South--Texas,Diet Coke,$0.35 ,"9,000"
Target,Stuart -Target,"$1,197,831",2/1/2022,1/2/2022,South--Texas,Sprite,$0.35 ,"7,000"
Target,Stuart -Target,"$1,197,831",2/1/2022,1/2/2022,South--Texas,Fanta,$0.35 ,"7,000"
Target,Stuart -Target,"$1,197,831",2/1/2022,1/2/2022,South--Texas,Powerade,$0.40 ,"5,500"
Target,Stuart -Target,"$1,197,831",2/1/2022,1/2/2022,South--Texas,Dasani Water,$0.35 ,"7,000"
Target,Stuart -Target,"$1,197,831",1/2/2022,3/3/2022,South--Texas,Coca-Cola,$0.25 ,"8,500"
Target,Stuart -Target,"$1,197,831",1/2/2022,11/3/2022,South--Texas,Diet Coke,$0.35 ,"8,500"
Target,Stuart -Target,"$1,197,831",1/2/2022,22/3/2022,South--Texas,Sprite,$0.35 ,"6,750"
Target,Stuart -Target,"$1,197,831",1/2/2022,3/3/2022,South--Texas,Fanta,$0.35 ,"6,250"
Target,Stuart -Target,"$1,197,831",1/2/2022,3/3/2022,South--Texas,Powerade,$0.40 ,"5,000"
Target,Stuart -Target,"$1,197,831",1/2/2022,3/3/2022,South--Texas,Dasani Water,$0.35 ,"7,000"
Target,Stuart -Target,"$1,197,831",3/3/2022,2/4/2022,South--Texas,Coca-Cola,$0.30 ,"8,750"
Target,Stuart -Target,"$1,197,831",3/3/2022,2/4/2022,South--Texas,Diet Coke,$0.40 ,"8,750"
Target,Stuart -Target,"$1,197,831",3/3/2022,2/4/2022,South--Texas,Sprite,$0.35 ,"7,000"
Target,Stuart -Target,"$1,197,831",3/3/2022,2/4/2022,South--Texas,Fanta,$0.40 ,"6,000"
Target,Stuart -Target,"$1,197,831",3/3/2022,2/4/2022,South--Texas,Powerade,$0.45 ,"5,000"
Target,Stuart -Target,"$1,197,831",3/3/2022,2/4/2022,South--Texas,Dasani Water,$0.40 ,"6,500"
Target,Stuart -Target,"$1,197,831",2/4/2022,2/5/2022,South--Texas,Coca-Cola,$0.30 ,"9,000"
Target,Stuart -Target,"$1,197,831",2/4/2022,2/5/2022,South--Texas,Diet Coke,$0.40 ,"9,000"
Target,Stuart -Target,"$1,197,831",2/4/2022,2/5/2022,South--Texas,Sprite,$0.35 ,"7,250"
Target,Stuart -Target,"$1,197,831",2/4/2022,2/5/2022,South--Texas,Fanta,$0.40 ,"6,250"
Target,Stuart -Target,"$1,197,831",2/4/2022,2/5/2022,South--Texas,Powerade,$0.45 ,"5,250"
Target,Stuart -Target,"$1,197,831",2/4/2022,2/5/2022,South--Texas,Dasani Water,$0.40 ,"8,000"
Target,Stuart -Target,"$1,197,831",2/5/2022,1/6/2022,South--Texas,Coca-Cola,$0.30 ,"9,250"
Target,Stuart -Target,"$1,197,831",2/5/2022,1/6/2022,South--Texas,Diet Coke,$0.40 ,"9,250"
Target,Stuart -Target,"$1,197,831",2/5/2022,1/6/2022,South--Texas,Sprite,$0.35 ,"7,750"
Target,Stuart -Target,"$1,197,831",2/5/2022,1/6/2022,South--Texas,Fanta,$0.40 ,"7,000"
Target,Stuart -Target,"$1,197,831",2/5/2022,1/6/2022,South--Texas,Powerade,$0.45 ,"6,000"
Target,Stuart -Target,"$1,197,831",2/5/2022,1/6/2022,South--Texas,Dasani Water,$0.40 ,"9,500"
Target,Stuart -Target,"$1,197,831",1/6/2022,1/7/2022,South--Texas,Coca-Cola,$0.40 ,"9,500"
Target,Stuart -Target,"$1,197,831",1/6/2022,1/7/2022,South--Texas,Diet Coke,$0.45 ,"9,500"
Target,Stuart -Target,"$1,197,831",1/6/2022,1/7/2022,South--Texas,Sprite,$0.40 ,"8,000"
Target,Stuart -Target,"$1,197,831",1/6/2022,1/7/2022,South--Texas,Fanta,$0.40 ,"7,500"
Target,Stuart -Target,"$1,197,831",1/6/2022,1/7/2022,South--Texas,Powerade,$0.45 ,"6,500"
Target,Stuart -Target,"$1,197,831",1/6/2022,1/7/2022,South--Texas,Dasani Water,$0.50 ,"10,000"
Target,Stuart -Target,"$1,197,831",3/7/2022,2/8/2022,South--Texas,Coca-Cola,$0.40 ,"9,500"
Target,Stuart -Target,"$1,197,831",3/7/2022,2/8/2022,South--Texas,Diet Coke,$0.45 ,"9,500"
Target,Stuart -Target,"$1,197,831",3/7/2022,2/8/2022,South--Texas,Sprite,$0.40 ,"11,000"
Target,Stuart -Target,"$1,197,831",3/7/2022,2/8/2022,South--Texas,Fanta,$0.40 ,"7,000"
Target,Stuart -Target,"$1,197,831",3/7/2022,2/8/2022,South--Texas,Powerade,$0.45 ,"7,000"
Target,Stuart -Target,"$1,197,831",3/7/2022,2/8/2022,South--Texas,Dasani Water,$0.50 ,"9,750"
Target,Stuart -Target,"$1,197,831",5/8/2022,4/9/2022,South--Texas,Coca-Cola,$0.40 ,"9,250"
Target,Stuart -Target,"$1,197,831",5/8/2022,4/9/2022,South--Texas,Diet Coke,$0.45 ,"9,250"
Target,Stuart -Target,"$1,197,831",5/8/2022,4/9/2022,South--Texas,Sprite,$0.40 ,"11,000"
Target,Stuart -Target,"$1,197,831",5/8/2022,4/9/2022,South--Texas,Fanta,$0.40 ,"6,500"
Target,Stuart -Target,"$1,197,831",5/8/2022,4/9/2022,South--Texas,Powerade,$0.45 ,"6,500"
Target,Stuart -Target,"$1,197,831",5/8/2022,4/9/2022,South--Texas,Dasani Water,$0.50 ,"9,000"
Target,Stuart -Target,"$1,197,831",2/9/2022,2/10/2022,South--Texas,Coca-Cola,$0.45 ,"8,500"
Target,Stuart -Target,"$1,197,831",2/9/2022,2/10/2022,South--Texas,Diet Coke,$0.45 ,"8,500"
Target,Stuart -Target,"$1,197,831",2/9/2022,2/10/2022,South--Texas,Sprite,$0.50 ,"9,000"
Target,Stuart -Target,"$1,197,831",2/9/2022,2/10/2022,South--Texas,Fanta,$0.50 ,"6,250"
Target,Stuart -Target,"$1,197,831",2/9/2022,2/10/2022,South--Texas,Powerade,$0.45 ,"6,250"
Target,Stuart -Target,"$1,197,831",2/9/2022,2/10/2022,South--Texas,Dasani Water,$0.55 ,"8,500"
Target,Stuart -Target,"$1,197,831",1/10/2022,31/10/2022,South--Texas,Coca-Cola,$0.45 ,"8,000"
Target,Stuart -Target,"$1,197,831",1/10/2022,31/10/2022,South--Texas,Diet Coke,$0.45 ,"8,000"
Target,Stuart -Target,"$1,197,831",1/10/2022,31/10/2022,South--Texas,Sprite,$0.50 ,"7,500"
Target,Stuart -Target,"$1,197,831",1/10/2022,31/10/2022,South--Texas,Fanta,$0.50 ,"6,000"
Target,Stuart -Target,"$1,197,831",1/10/2022,31/10/2022,South--Texas,Powerade,$0.45 ,"5,750"
Target,Stuart -Target,"$1,197,831",1/10/2022,31/10/2022,South--Texas,Dasani Water,$0.55 ,"7,500"
Target,Stuart -Target,"$1,197,831",2/11/2022,2/12/2022,South--Texas,Coca-Cola,$0.45 ,"9,000"
Target,Stuart -Target,"$1,197,831",2/11/2022,2/12/2022,South--Texas,Diet Coke,$0.45 ,"9,000"
Target,Stuart -Target,"$1,197,831",2/11/2022,2/12/2022,South--Texas,Sprite,$0.50 ,"8,250"
Target,Stuart -Target,"$1,197,831",2/11/2022,2/12/2022,South--Texas,Fanta,$0.50 ,"6,750"
Target,Stuart -Target,"$1,197,831",2/11/2022,2/12/2022,South--Texas,Powerade,$0.45 ,"6,500"
Target,Stuart -Target,"$1,197,831",2/11/2022,2/12/2022,South--Texas,Dasani Water,$0.55 ,"8,500"
Target,Stuart -Target,"$1,197,831",1/12/2022,31/12/2022,South--Texas,Coca-Cola,$0.45 ,"9,500"
Target,Stuart -Target,"$1,197,831",1/12/2022,31/12/2022,South--Texas,Diet Coke,$0.45 ,"9,500"
Target,Stuart -Target,"$1,197,831",1/12/2022,31/12/2022,South--Texas,Sprite,$0.50 ,"8,500"
Target,Stuart -Target,"$1,197,831",1/12/2022,31/12/2022,South--Texas,Fanta,$0.50 ,"7,000"
Target,Stuart -Target,"$1,197,831",1/12/2022,31/12/2022,South--Texas,Powerade,$0.45 ,"6,500"
Target,Stuart -Target,"$1,197,831",1/12/2022,31/12/2022,South--Texas,Dasani Water,$0.55 ,"9,000"