Retailer,Contact,Retailer ID,Order Date,Payment Date,Region--State,Beverage Brand,Price per Unit,Units Sold
Walgreens,Maria -Walgreens,"$1,189,833",15/1/2022,19/2/2022,West--California,Coca-Cola,$0.35 ,"7,000"
Walgreens,Maria -Walgreens,"$1,189,833",15/1/2022,14/2/2022,West--California,Diet Coke,$0.45 ,"7,000"
Walgreens,Maria -Walgreens,"$1,189,833",15/1/2022,14/2/2022,West--California,Sprite,$0.45 ,"7,000"
Walgreens,Maria -Walgreens,"$1,189,833",15/1/2022,14/2/2022,West--California,Fanta,$0.45 ,"5,500"
Walgreens,Maria -Walgreens,"$1,189,833",15/1/2022,14/2/2022,West--California,Powerade,$0.50 ,"5,000"
Walgreens,Maria -Walgreens,"$1,189,833",15/1/2022,14/2/2022,West--California,Dasani Water,$0.45 ,"7,000"
Walgreens,Maria -Walgreens,"$1,189,833",15/2/2022,17/3/2022,West--California,Coca-Cola,$0.35 ,"7,500"
Walgreens,Maria -Walgreens,"$1,189,833",15/2/2022,17/3/2022,West--California,Diet Coke,$0.45 ,"6,500"
Walgreens,Maria -Walgreens,"$1,189,833",15/2/2022,17/3/2022,West--California,Sprite,$0.45 ,"6,750"
Walgreens,Maria -Walgreens,"$1,189,833",15/2/2022,17/3/2022,West--California,Fanta,$0.45 ,"5,250"
Walgreens,Maria -Walgreens,"$1,189,833",15/2/2022,22/3/2022,West--California,Powerade,$0.50 ,"4,500"
Walgreens,Maria -Walgreens,"$1,189,833",15/2/2022,25/3/2022,West--California,Dasani Water,$0.45 ,"6,500"
Walgreens,Maria -Walgreens,"$1,189,833",14/3/2022,13/4/2022,West--California,Coca-Cola,$0.35 ,"8,000"
Walgreens,Maria -Walgreens,"$1,189,833",14/3/2022,13/4/2022,West--California,Diet Coke,$0.45 ,"6,500"
Walgreens,Maria -Walgreens,"$1,189,833",14/3/2022,13/4/2022,West--California,Sprite,$0.45 ,"6,500"
Walgreens,Maria -Walgreens,"$1,189,833",14/3/2022,13/4/2022,West--California,Fanta,$0.45 ,"5,500"
Walgreens,Maria -Walgreens,"$1,189,833",14/3/2022,13/4/2022,West--California,Powerade,$0.50 ,"4,250"
Walgreens,Maria -Walgreens,"$1,189,833",14/3/2022,13/4/2022,West--California,Dasani Water,$0.45 ,"6,250"
Walgreens,Maria -Walgreens,"$1,189,833",15/4/2022,15/5/2022,West--California,Coca-Cola,$0.45 ,"8,000"
Walgreens,Maria -Walgreens,"$1,189,833",15/4/2022,15/5/2022,West--California,Diet Coke,$0.50 ,"6,000"
Walgreens,Maria -Walgreens,"$1,189,833",15/4/2022,15/5/2022,West--California,Sprite,$0.50 ,"6,250"
Walgreens,Maria -Walgreens,"$1,189,833",15/4/2022,15/5/2022,West--California,Fanta,$0.45 ,"5,250"
Walgreens,Maria -Walgreens,"$1,189,833",15/4/2022,15/5/2022,West--California,Powerade,$0.50 ,"4,250"
Walgreens,Maria -Walgreens,"$1,189,833",15/4/2022,15/5/2022,West--California,Dasani Water,$0.65 ,"6,000"
Walgreens,Maria -Walgreens,"$1,189,833",16/5/2022,15/6/2022,West--California,Coca-Cola,$0.45 ,"8,000"
Walgreens,Maria -Walgreens,"$1,189,833",16/5/2022,15/6/2022,West--California,Diet Coke,$0.50 ,"6,500"
Walgreens,Maria -Walgreens,"$1,189,833",16/5/2022,15/6/2022,West--California,Sprite,$0.50 ,"6,500"
Walgreens,Maria -Walgreens,"$1,189,833",16/5/2022,15/6/2022,West--California,Fanta,$0.45 ,"5,500"
Walgreens,Maria -Walgreens,"$1,189,833",16/5/2022,15/6/2022,West--California,Powerade,$0.50 ,"4,500"
Walgreens,Maria -Walgreens,"$1,189,833",16/5/2022,15/6/2022,West--California,Dasani Water,$0.65 ,"6,250"
Walgreens,Maria -Walgreens,"$1,189,833",15/6/2022,15/7/2022,West--California,Coca-Cola,$0.45 ,"9,000"
Walgreens,Maria -Walgreens,"$1,189,833",15/6/2022,15/7/2022,West--California,Diet Coke,$0.50 ,"7,500"
Walgreens,Maria -Walgreens,"$1,189,833",15/6/2022,15/7/2022,West--California,Sprite,$0.50 ,"7,500"
Walgreens,Maria -Walgreens,"$1,189,833",15/6/2022,15/7/2022,West--California,Fanta,$0.45 ,"6,250"
Walgreens,Maria -Walgreens,"$1,189,833",15/6/2022,15/7/2022,West--California,Powerade,$0.50 ,"5,000"
Walgreens,Maria -Walgreens,"$1,189,833",15/6/2022,15/7/2022,West--California,Dasani Water,$0.65 ,"8,000"
Walgreens,Maria -Walgreens,"$1,189,833",14/7/2022,13/8/2022,West--California,Coca-Cola,$0.45 ,"9,500"
Walgreens,Maria -Walgreens,"$1,189,833",14/7/2022,13/8/2022,West--California,Diet Coke,$0.50 ,"8,000"
Walgreens,Maria -Walgreens,"$1,189,833",14/7/2022,13/8/2022,West--California,Sprite,$0.50 ,"7,500"
Walgreens,Maria -Walgreens,"$1,189,833",14/7/2022,13/8/2022,West--California,Fanta,$0.45 ,"6,500"
Walgreens,Maria -Walgreens,"$1,189,833",14/7/2022,13/8/2022,West--California,Powerade,$0.50 ,"7,000"
Walgreens,Maria -Walgreens,"$1,189,833",14/7/2022,13/8/2022,West--California,Dasani Water,$0.65 ,"7,000"
Walgreens,Maria -Walgreens,"$1,189,833",15/8/2022,14/9/2022,West--California,Coca-Cola,$0.50 ,"9,000"
Walgreens,Maria -Walgreens,"$1,189,833",15/8/2022,14/9/2022,West--California,Diet Coke,$0.55 ,"8,500"
Walgreens,Maria -Walgreens,"$1,189,833",15/8/2022,14/9/2022,West--California,Sprite,$0.50 ,"7,250"
Walgreens,Maria -Walgreens,"$1,189,833",15/8/2022,14/9/2022,West--California,Fanta,$0.50 ,"6,750"
Walgreens,Maria -Walgreens,"$1,189,833",15/8/2022,14/9/2022,West--California,Powerade,$0.60 ,"6,750"
Walgreens,Maria -Walgreens,"$1,189,833",15/8/2022,14/9/2022,West--California,Dasani Water,$0.65 ,"6,500"
Walgreens,Maria -Walgreens,"$1,189,833",16/9/2022,16/10/2022,West--California,Coca-Cola,$0.50 ,"8,500"
Walgreens,Maria -Walgreens,"$1,189,833",16/9/2022,16/10/2022,West--California,Diet Coke,$0.55 ,"8,500"
Walgreens,Maria -Walgreens,"$1,189,833",16/9/2022,16/10/2022,West--California,Sprite,$0.50 ,"7,000"
Walgreens,Maria -Walgreens,"$1,189,833",16/9/2022,16/10/2022,West--California,Fanta,$0.50 ,"6,500"
Walgreens,Maria -Walgreens,"$1,189,833",16/9/2022,16/10/2022,West--California,Powerade,$0.60 ,"6,500"
Walgreens,Maria -Walgreens,"$1,189,833",16/9/2022,16/10/2022,West--California,Dasani Water,$0.65 ,"7,000"
Walgreens,Maria -Walgreens,"$1,189,833",15/10/2022,14/11/2022,West--California,Coca-Cola,$0.50 ,"8,000"
Walgreens,Maria -Walgreens,"$1,189,833",15/10/2022,14/11/2022,West--California,Diet Coke,$0.55 ,"8,000"
Walgreens,Maria -Walgreens,"$1,189,833",15/10/2022,14/11/2022,West--California,Sprite,$0.50 ,"6,500"
Walgreens,Maria -Walgreens,"$1,189,833",15/10/2022,14/11/2022,West--California,Fanta,$0.50 ,"6,250"
Walgreens,Maria -Walgreens,"$1,189,833",15/10/2022,14/11/2022,West--California,Powerade,$0.60 ,"6,000"
Walgreens,Maria -Walgreens,"$1,189,833",15/10/2022,14/11/2022,West--California,Dasani Water,$0.65 ,"6,500"
Walgreens,Maria -Walgreens,"$1,189,833",15/11/2022,15/12/2022,West--California,Coca-Cola,$0.50 ,"8,250"
Walgreens,Maria -Walgreens,"$1,189,833",15/11/2022,15/12/2022,West--California,Diet Coke,$0.55 ,"8,250"
Walgreens,Maria -Walgreens,"$1,189,833",15/11/2022,15/12/2022,West--California,Sprite,$0.50 ,"6,750"
Walgreens,Maria -Walgreens,"$1,189,833",15/11/2022,15/12/2022,West--California,Fanta,$0.50 ,"6,500"
Walgreens,Maria -Walgreens,"$1,189,833",15/11/2022,15/12/2022,West--California,Powerade,$0.60 ,"6,000"
Walgreens,Maria -Walgreens,"$1,189,833",15/11/2022,15/12/2022,West--California,Dasani Water,$0.65 ,"7,000"
Walgreens,Maria -Walgreens,"$1,189,833",14/12/2022,13/1/2023,West--California,Coca-Cola,$0.50 ,"9,000"
Walgreens,Maria -Walgreens,"$1,189,833",14/12/2022,13/1/2023,West--California,Diet Coke,$0.55 ,"9,000"
Walgreens,Maria -Walgreens,"$1,189,833",14/12/2022,13/1/2023,West--California,Sprite,$0.50 ,"7,000"
Walgreens,Maria -Walgreens,"$1,189,833",14/12/2022,13/1/2023,West--California,Fanta,$0.50 ,"7,000"
Walgreens,Maria -Walgreens,"$1,189,833",14/12/2022,13/1/2023,West--California,Powerade,$0.60 ,"6,250"
Walgreens,Maria -Walgreens,"$1,189,833",14/12/2022,13/1/2023,West--California,Dasani Water,$0.65 ,"7,250"