Retailer,Contact,Retailer ID,Order Date,Payment Date,Region--State,Beverage Brand,Price per Unit,Units Sold
Walmart,Allen -Walmart,"$1,185,732",14/1/2022,13/2/2022,Northeast--New York,Coca-Cola,$0.50 ,"12,000"
Walmart,Allen -Walmart,"$1,185,732",14/1/2022,13/2/2022,Northeast--New York,Diet Coke,$0.50 ,"10,000"
Walmart,Allen -Walmart,"$1,185,732",14/1/2022,13/2/2022,Northeast--New York,Sprite,$0.40 ,"10,000"
Walmart,Allen -Walmart,"$1,185,732",14/1/2022,13/2/2022,Northeast--New York,Fanta,$0.45 ,"8,500"
Walmart,Allen -Walmart,"$1,185,732",14/1/2022,13/2/2022,Northeast--New York,Powerade,$0.60 ,"9,000"
Walmart,Allen -Walmart,"$1,185,732",14/1/2022,28/2/2022,Northeast--New York,Dasani Water,$0.50 ,"10,000"
Walmart,Allen -Walmart,"$1,185,732",12/2/2022,14/3/2022,Northeast--New York,Coca-Cola,$0.50 ,"12,500"
Walmart,Allen -Walmart,"$1,185,732",12/2/2022,14/3/2022,Northeast--New York,Diet Coke,$0.50 ,"9,000"
Walmart,Allen -Walmart,"$1,185,732",12/2/2022,14/3/2022,Northeast--New York,Sprite,$0.40 ,"9,500"
Walmart,Allen -Walmart,"$1,185,732",12/2/2022,14/3/2022,Northeast--New York,Fanta,$0.45 ,"8,250"
Walmart,Allen -Walmart,"$1,185,732",12/2/2022,29/3/2022,Northeast--New York,Powerade,$0.60 ,"9,000"
Walmart,Allen -Walmart,"$1,185,732",12/2/2022,14/3/2022,Northeast--New York,Dasani Water,$0.50 ,"10,000"
Walmart,Allen -Walmart,"$1,185,732",10/3/2022,9/4/2022,Northeast--New York,Coca-Cola,$0.50 ,"12,200"
Walmart,Allen -Walmart,"$1,185,732",10/3/2022,9/4/2022,Northeast--New York,Diet Coke,$0.50 ,"9,250"
Walmart,Allen -Walmart,"$1,185,732",10/3/2022,24/4/2022,Northeast--New York,Sprite,$0.40 ,"9,500"
Walmart,Allen -Walmart,"$1,185,732",10/3/2022,9/4/2022,Northeast--New York,Fanta,$0.45 ,"8,000"
Walmart,Allen -Walmart,"$1,185,732",10/3/2022,9/4/2022,Northeast--New York,Powerade,$0.60 ,"8,500"
Walmart,Allen -Walmart,"$1,185,732",10/3/2022,9/4/2022,Northeast--New York,Dasani Water,$0.50 ,"9,500"
Walmart,Allen -Walmart,"$1,185,732",11/4/2022,11/5/2022,Northeast--New York,Coca-Cola,$0.50 ,"12,000"
Walmart,Allen -Walmart,"$1,185,732",11/4/2022,11/5/2022,Northeast--New York,Diet Coke,$0.50 ,"9,000"
Walmart,Allen -Walmart,"$1,185,732",11/4/2022,11/5/2022,Northeast--New York,Sprite,$0.40 ,"9,000"
Walmart,Allen -Walmart,"$1,185,732",11/4/2022,11/5/2022,Northeast--New York,Fanta,$0.45 ,"8,250"
Walmart,Allen -Walmart,"$1,185,732",11/4/2022,11/5/2022,Northeast--New York,Powerade,$0.60 ,"8,250"
Walmart,Allen -Walmart,"$1,185,732",11/4/2022,11/5/2022,Northeast--New York,Dasani Water,$0.50 ,"9,500"
Walmart,Allen -Walmart,"$1,185,732",10/5/2022,9/6/2022,Northeast--New York,Coca-Cola,$0.60 ,"12,200"
Walmart,Allen -Walmart,"$1,185,732",10/5/2022,9/6/2022,Northeast--New York,Diet Coke,$0.55 ,"9,250"
Walmart,Allen -Walmart,"$1,185,732",10/5/2022,9/6/2022,Northeast--New York,Sprite,$0.50 ,"9,000"
Walmart,Allen -Walmart,"$1,185,732",10/5/2022,9/6/2022,Northeast--New York,Fanta,$0.50 ,"8,500"
Walmart,Allen -Walmart,"$1,185,732",10/5/2022,9/6/2022,Northeast--New York,Powerade,$0.60 ,"8,750"
Walmart,Allen -Walmart,"$1,185,732",10/5/2022,9/6/2022,Northeast--New York,Dasani Water,$0.65 ,"10,000"
Walmart,Allen -Walmart,"$1,185,732",12/6/2022,12/7/2022,Northeast--New York,Coca-Cola,$0.60 ,"12,500"
Walmart,Allen -Walmart,"$1,185,732",12/6/2022,12/7/2022,Northeast--New York,Diet Coke,$0.55 ,"10,000"
Walmart,Allen -Walmart,"$1,185,732",12/6/2022,12/7/2022,Northeast--New York,Sprite,$0.50 ,"9,250"
Walmart,Allen -Walmart,"$1,185,732",12/6/2022,12/7/2022,Northeast--New York,Fanta,$0.50 ,"9,000"
Walmart,Allen -Walmart,"$1,185,732",12/6/2022,12/7/2022,Northeast--New York,Powerade,$0.60 ,"9,000"
Walmart,Allen -Walmart,"$1,185,732",12/6/2022,12/7/2022,Northeast--New York,Dasani Water,$0.65 ,"10,500"
Walmart,Allen -Walmart,"$1,185,732",10/7/2022,9/8/2022,Northeast--New York,Coca-Cola,$0.60 ,"12,750"
Walmart,Allen -Walmart,"$1,185,732",10/7/2022,9/8/2022,Northeast--New York,Diet Coke,$0.55 ,"10,250"
Walmart,Allen -Walmart,"$1,185,732",10/7/2022,9/8/2022,Northeast--New York,Sprite,$0.50 ,"9,500"
Walmart,Allen -Walmart,"$1,185,732",10/7/2022,9/8/2022,Northeast--New York,Fanta,$0.50 ,"9,000"
Walmart,Allen -Walmart,"$1,185,732",10/7/2022,9/8/2022,Northeast--New York,Powerade,$0.60 ,"9,250"
Walmart,Allen -Walmart,"$1,185,732",10/7/2022,9/8/2022,Northeast--New York,Dasani Water,$0.65 ,"11,000"
Walmart,Allen -Walmart,"$1,185,732",11/8/2022,10/9/2022,Northeast--New York,Coca-Cola,$0.60 ,"12,500"
Walmart,Allen -Walmart,"$1,185,732",11/8/2022,10/9/2022,Northeast--New York,Diet Coke,$0.55 ,"10,250"
Walmart,Allen -Walmart,"$1,185,732",11/8/2022,10/9/2022,Northeast--New York,Sprite,$0.50 ,"9,500"
Walmart,Allen -Walmart,"$1,185,732",11/8/2022,10/9/2022,Northeast--New York,Fanta,$0.50 ,"9,250"
Walmart,Allen -Walmart,"$1,185,732",11/8/2022,10/9/2022,Northeast--New York,Powerade,$0.60 ,"9,000"
Walmart,Allen -Walmart,"$1,185,732",11/8/2022,10/9/2022,Northeast--New York,Dasani Water,$0.65 ,"10,750"
Walmart,Allen -Walmart,"$1,185,732",10/9/2022,10/10/2022,Northeast--New York,Coca-Cola,$0.60 ,"12,000"
Walmart,Allen -Walmart,"$1,185,732",10/9/2022,10/10/2022,Northeast--New York,Diet Coke,$0.55 ,"10,000"
Walmart,Allen -Walmart,"$1,185,732",10/9/2022,10/10/2022,Northeast--New York,Sprite,$0.50 ,"9,250"
Walmart,Allen -Walmart,"$1,185,732",10/9/2022,10/10/2022,Northeast--New York,Fanta,$0.50 ,"9,000"
Walmart,Allen -Walmart,"$1,185,732",10/9/2022,10/10/2022,Northeast--New York,Powerade,$0.60 ,"9,000"
Walmart,Allen -Walmart,"$1,185,732",10/9/2022,10/10/2022,Northeast--New York,Dasani Water,$0.65 ,"10,000"
Walmart,Allen -Walmart,"$1,185,732",12/10/2022,11/11/2022,Northeast--New York,Coca-Cola,$0.65 ,"11,750"
Walmart,Allen -Walmart,"$1,185,732",12/10/2022,11/11/2022,Northeast--New York,Diet Coke,$0.55 ,"10,000"
Walmart,Allen -Walmart,"$1,185,732",12/10/2022,11/11/2022,Northeast--New York,Sprite,$0.55 ,"9,000"
Walmart,Allen -Walmart,"$1,185,732",12/10/2022,11/11/2022,Northeast--New York,Fanta,$0.55 ,"8,750"
Walmart,Allen -Walmart,"$1,185,732",12/10/2022,11/11/2022,Northeast--New York,Powerade,$0.65 ,"8,750"
Walmart,Allen -Walmart,"$1,185,732",12/10/2022,11/11/2022,Northeast--New York,Dasani Water,$0.70 ,"10,000"
Walmart,Allen -Walmart,"$1,185,732",11/11/2022,11/12/2022,Northeast--New York,Coca-Cola,$0.65 ,"11,500"
Walmart,Allen -Walmart,"$1,185,732",11/11/2022,11/12/2022,Northeast--New York,Diet Coke,$0.55 ,"9,750"
Walmart,Allen -Walmart,"$1,185,732",11/11/2022,11/12/2022,Northeast--New York,Sprite,$0.55 ,"9,200"
Walmart,Allen -Walmart,"$1,185,732",11/11/2022,11/12/2022,Northeast--New York,Fanta,$0.55 ,"9,000"
Walmart,Allen -Walmart,"$1,185,732",11/11/2022,11/12/2022,Northeast--New York,Powerade,$0.65 ,"8,750"
Walmart,Allen -Walmart,"$1,185,732",11/11/2022,11/12/2022,Northeast--New York,Dasani Water,$0.70 ,"9,750"
Walmart,Allen -Walmart,"$1,185,732",10/12/2022,9/1/2023,Northeast--New York,Coca-Cola,$0.65 ,"12,000"
Walmart,Allen -Walmart,"$1,185,732",10/12/2022,9/1/2023,Northeast--New York,Diet Coke,$0.55 ,"10,000"
Walmart,Allen -Walmart,"$1,185,732",10/12/2022,9/1/2023,Northeast--New York,Sprite,$0.55 ,"9,500"
Walmart,Allen -Walmart,"$1,185,732",10/12/2022,9/1/2023,Northeast--New York,Fanta,$0.55 ,"9,000"
Walmart,Allen -Walmart,"$1,185,732",10/12/2022,9/1/2023,Northeast--New York,Powerade,$0.65 ,"9,000"
Walmart,Allen -Walmart,"$1,185,732",10/12/2022,9/1/2023,Northeast--New York,Dasani Water,$0.70 ,"10,000"